"PMDBID","PRIDE.ID","PMDB.tissue","PRIDE.tissues","publicationDate","submissionType","numAssays","species"
"PMDX004510","PXD004510","brain","cerebral gray matter","2017-09-03","COMPLETE","50","Homo sapiens (Human)"
"PMDR000151","PRD000151","brain","brain","2012-03-05","PRIDE","16","Homo sapiens (Human)"
"PMDX000263","PXD000263","non tissue","brain","2013-10-08","COMPLETE","1","Homo sapiens (Human)"
"PMDX002528","PXD002528","brain","brain","2015-12-07","PARTIAL","0","Homo sapiens (Human)"
"PMDX008036","PXD008036","brain","brain","2018-10-24","PARTIAL","0","Homo sapiens (Human)"
"PMDX000395","PXD000395","brain","brain","2016-10-10","COMPLETE","12","Homo sapiens (Human)"
"PMDX005206","PXD008029","brain","blood plasma;cerebrospinal fluid","2018-05-01","COMPLETE","4","Homo sapiens (Human)"
"PMDX005206","PXD005206","brain","blood plasma;cell culture;cerebrospinal fluid","2018-05-01","PARTIAL","0","Homo sapiens (Human);Escherichia coli"
"PMDX010271","PXD010271","brain","temporal lobe;substantia nigra;ovary;blood plasma;liver;pancreas;blood serum;cerebrospinal fluid;monocyte","2018-10-22","COMPLETE","252","Homo sapiens (Human)"
"PMDR000019","PRD000019","brain","cerebrospinal fluid","2007-02-14","PRIDE","18","Homo sapiens (Human)"
"PMDX001038","PXD001038","brain","brain","2014-07-09","PARTIAL","0","Homo sapiens (Human)"
"PMDX001398","PXD001398","brain","brain","2014-10-17","PARTIAL","0","Homo sapiens (Human);Mus musculus (Mouse)"
"PMDX005319","PXD005319","brain","brain","2018-01-16","PARTIAL","0","Homo sapiens (Human)"
"PMDX008970","PXD008970","brain","smooth muscle;stomach;testis;kidney;pancreas;adrenal gland;fat body;tonsil;liver;spleen;urinary bladder;uterine endometrium;vermiform appendix;gall bladder;brain;duodenum;heart;bone marrow;salivary gland;lung;ovary;lymph node;colon;placenta;rectum;small intestine;esophagus","2018-04-04","PARTIAL","0","Homo sapiens (Human)"
"PMDX007694","PXD007694","brain","brain","2017-11-27","PARTIAL","0","Homo sapiens (Human)"
"PMDX006233","PXD006233","brain","brain","2017-09-11","PARTIAL","0","Homo sapiens (Human)"
"PMDX003288","PXD003288","brain","cerebral cortex","2016-05-31","PARTIAL","0","Homo sapiens (Human);Mus musculus (Mouse)"
"PMDX002516","PXD002516","brain","brain","2016-08-24","PARTIAL","0","Homo sapiens (Human)"
"PMDX006027","PXD006027","brain","spleen;brain;breast","2017-07-17","PARTIAL","0","Homo sapiens (Human);Mus musculus (Mouse)"
"PMDX001654","PXD001654","brain","cerebrospinal fluid","2016-06-24","PARTIAL","0","Homo sapiens (Human)"
"PMDX005245","PXD005245","brain","brain","2018-03-08","PARTIAL","0","Homo sapiens (Human)"
"PMDX009343","PXD009343","non tissue","brain","2018-06-25","PARTIAL","0","Homo sapiens (Human)"
"PMDR000018","PRD000018","brain","brain","2006-11-30","PRIDE","82","Homo sapiens (Human);Mus"
"PMDR000345","PRD000345","brain","lung;kidney;Burkitt lymphoma cell;spleen;liver;HL-60 cell;HeLa cell;JURKAT E-6.1 cell;brain;K-562 cell;heart;THP-1 cell","2011-01-23","PRIDE","128","Homo sapiens (Human);Mus musculus (Mouse)"
"PMDR000580","PRD000580","brain","brain","2016-12-02","PRIDE","140","Homo sapiens (Human)"
"PMDR000651","PRD000651","brain","cerebrospinal fluid","2012-06-30","PRIDE","2","Felis catus (Cat) (Felis silvestris catus);Homo sapiens (Human)"
"PMDR000644","PRD000644","brain","brain","2013-04-23","PRIDE","153","Homo sapiens (Human)"
"PMDX000004","PXD000004","brain","brain","2012-12-10","COMPLETE","5","Homo sapiens (Human)"
"PMDX000547","PXD000547","brain","corpus callosum","2014-06-04","PARTIAL","0","Homo sapiens (Human)"
"PMDX000547","PXD000548","brain","temporal lobe","2014-06-04","PARTIAL","0","Homo sapiens (Human)"
"PMDX000437","PXD000437","brain","brain","2016-05-18","COMPLETE","60","Homo sapiens (Human)"
"PMDX000561","PXD000561","brain","prostate gland;gut;testis;helper T-lymphocyte;kidney;retina;pancreas;adrenal gland;spinal cord;natural killer cell;cytotoxic T-lymphocyte;liver;urinary bladder;gall bladder;brain;heart;lung;ovary;blood platelet;frontal lobe;B-lymphocyte;colon;placenta;monocyte;rectum;esophagus","2014-04-23","PARTIAL","0","Homo sapiens (Human)"
"PMDR000620","PRD000620","brain","brain","2015-09-11","PRIDE","12","Homo sapiens (Human)"
"PMDX000651","PXD000655","brain","cerebrospinal fluid","2014-08-04","COMPLETE","1","Homo sapiens (Human)"
"PMDX000651","PXD000654","brain","cerebrospinal fluid","2014-08-04","COMPLETE","1","Homo sapiens (Human)"
"PMDX000651","PXD000653","brain","cerebrospinal fluid","2014-08-04","COMPLETE","1","Homo sapiens (Human)"
"PMDX000651","PXD000652","brain","cerebrospinal fluid","2014-08-04","COMPLETE","1","Homo sapiens (Human)"
"PMDX000651","PXD000651","brain","cerebrospinal fluid","2014-08-04","COMPLETE","1","Homo sapiens (Human)"
"PMDX000764","PXD000764","brain","cerebrospinal fluid","2014-07-22","COMPLETE","12","Streptococcus pneumoniae (strain ATCC BAA-255 / R6);Homo sapiens (Human)"
"PMDX001180","PXD001180","brain","brain","2015-01-28","PARTIAL","0","Homo sapiens (Human)"
"PMDX000261","PXD000261","brain","brain","2016-05-09","PARTIAL","0","Homo sapiens (Human)"
"PMDX000742","PXD000757","brain","brain","2018-10-19","PARTIAL","0","Homo sapiens (Human)"
"PMDX000742","PXD000755","brain","brain","2018-10-19","PARTIAL","0","Homo sapiens (Human)"
"PMDX000742","PXD000749","brain","brain","2018-10-19","PARTIAL","0","Homo sapiens (Human)"
"PMDX000742","PXD000742","brain","brain","2018-10-19","PARTIAL","0","Homo sapiens (Human)"
"PMDX000805","PXD001496","brain","brain","2015-08-17","PARTIAL","0","Homo sapiens (Human)"
"PMDX000805","PXD000805","brain","brain","2015-08-17","PARTIAL","0","Homo sapiens (Human)"
"PMDX000589","PXD000589","brain","L-540 cell;NB-4 cell;Hodgkin lymphoma cell line;helper T-lymphocyte;R1 cell;glioblastoma cell line;IMR-32 cell;HBL-1 cell;subventricular zone;Th1-cell;L-428 cell;spleen;meningioma cell;macrophage;RD cell;regulatory T-lymphocyte;Rh-4 cell;P493-6 cell;rhabdomyosarcoma cell line;HeLa cell;adipocyte;U2-OS cell;LN-18 cell;astroglia;astrocytoma cell;MIN-6 cell;neural stem cell;J774.2 cell;neuroblastoma cell line;Th17 cell;HL-60 cell;JURKAT E-6.1 cell;embryonic neural stem cell;pleural mesothelioma cell line;Schwann cell;pulmonary artery smooth muscle cell line;B-cell lymphoma cell;U-87MG cell;natural killer cell;Calu-3 cell;KM-H2 cell;melanoma cell line;LN-229 cell;ES-D3 cell;Rh-28 cell;HEK-293 cell;T-98G cell;A-431 cell;U-251 MG cell;embryonic stem cell line;ES-E14 cell;fibroblast;embryonic stem cell;C2C12 cell;RCC 786-O cell;B-lymphocyte;pleural mesothelioma cell","2016-02-16","PARTIAL","0","Homo sapiens (Human);Mus musculus (Mouse)"
"PMDX001255","PXD001255","brain","brain","2016-07-06","PARTIAL","0","Homo sapiens (Human)"
"PMDX001353","PXD001353","brain","brain","2015-05-15","COMPLETE","24","Homo sapiens (Human)"
"PMDX002131","PXD002131","brain","blood plasma;JURKAT cell;spleen;urine;cell culture;primary cell;HeLa cell;cerebrospinal fluid;cell suspension culture;erythrocyte","2015-07-17","PARTIAL","0","Homo sapiens (Human)"
"PMDX002549","PXD002572","brain","cell culture;urine;cerebrospinal fluid","2015-07-30","PARTIAL","0","Homo sapiens (Human)"
"PMDX002775","PXD002775","brain","renal cortex;neuron;artery;brain;epithelial cell;cerebellum;prostate epithelium cell line;cerebral cortex;kidney;parathyroid gland;keratinocyte;cell culture;pancreas;renal medulla;aorta","2015-10-13","PARTIAL","0","Homo sapiens (Human)"
"PMDX002813","PXD002813","brain","brain","2015-10-01","PARTIAL","0","Homo sapiens (Human)"
"PMDX002707","PXD002707","brain","blood plasma;urine;cerebrospinal fluid","2015-10-02","PARTIAL","0","Homo sapiens (Human)"
"PMDX002959","PXD002959","brain","brain","2015-11-18","PARTIAL","0","Homo sapiens (Human);Mus musculus (Mouse)"
"PMDX003024","PXD003024","brain","cerebrospinal fluid","2015-12-09","PARTIAL","0","Homo sapiens (Human)"
"PMDX002614","PXD002614","non tissue","brain","2016-01-13","COMPLETE","16","Homo sapiens (Human)"
"PMDX003071","PXD003071","brain","cell culture;brain","2016-02-04","PARTIAL","0","Homo sapiens (Human);Mus musculus (Mouse)"
"PMDX001987","PXD001987","brain","brain","2016-04-13","PARTIAL","0","Homo sapiens (Human)"
"PMDX003075","PXD003075","brain","cerebrospinal fluid","2016-03-14","COMPLETE","15","Homo sapiens (Human)"
"PMDX003027","PXD003027","brain","brain","2016-04-07","PARTIAL","0","Homo sapiens (Human)"
"PMDX002783","PXD002783","brain","brain","2016-04-15","PARTIAL","0","Homo sapiens (Human)"
"PMDX003733","PXD003733","brain","liver;brain","2016-04-28","PARTIAL","0","Homo sapiens (Human);Mus musculus (Mouse)"
"PMDX002884","PXD002911","brain","cerebrospinal fluid","2016-05-18","COMPLETE","29","Homo sapiens (Human)"
"PMDX002884","PXD002884","brain","cerebrospinal fluid","2016-05-11","COMPLETE","37","Homo sapiens (Human)"
"PMDX002448","PXD002448","brain","brain","2016-05-23","PARTIAL","0","Homo sapiens (Human);Mus musculus (Mouse)"
"PMDX004010","PXD004010","brain","brain","2017-02-20","PARTIAL","0","Homo sapiens (Human)"
"PMDX002967","PXD002967","brain","female pudendum;prostate gland;skin;hair follicle;thyroid gland;stomach;testis;helper T-lymphocyte;kidney;seminal vesicle;uterus;ascites;cardia;retina;pancreas;T-lymphocyte;adrenal gland;spinal cord;natural killer cell;tonsil;uterine cervix;spleen;liver;anus;milk;bone;gall bladder;heart;lung;saliva;cerebral cortex;blood platelet;ovary;mouth;lymph node;adipocyte;cerebrospinal fluid;bladder;frontal lobe;colon;B-lymphocyte;placenta;monocyte;rectum;nasopharynx;esophagus;breast;fetus","2016-05-27","PARTIAL","0","Homo sapiens (Human)"
"PMDX002424","PXD002424","brain","cerebrospinal fluid","2016-09-27","COMPLETE","240","Homo sapiens (Human)"
"PMDX004499","PXD004499","brain","brain","2016-09-29","PARTIAL","0","Homo sapiens (Human)"
"PMDX004332","PXD004332","brain","pineal gland","2017-02-02","PARTIAL","0","Homo sapiens (Human)"
"PMDX004540","PXD004540","brain","cerebrospinal fluid","2016-10-13","COMPLETE","1","Homo sapiens (Human)"
"PMDX004540","PXD004572","brain","cerebrospinal fluid","2016-10-13","PARTIAL","0","Homo sapiens (Human)"
"PMDX004987","PXD004987","brain","brain","2016-12-22","COMPLETE","9","Homo sapiens (Human)"
"PMDX004437","PXD004437","brain","brain","2016-12-13","PARTIAL","0","Homo sapiens (Human)"
"PMDX004863","PXD004863","brain","cerebrospinal fluid","2017-01-17","PARTIAL","0","Homo sapiens (Human)"
"PMDX003289","PXD003289","brain","brain","2017-01-20","PARTIAL","0","Homo sapiens (Human)"
"PMDX004867","PXD004867","brain","brain","2017-07-05","PARTIAL","0","Homo sapiens (Human)"
"PMDX005753","PXD005753","brain","brain","2017-06-29","COMPLETE","6","Homo sapiens (Human);Mus musculus (Mouse)"
"PMDX006471","PXD006471","brain","thyroid gland;brain","2017-07-07","COMPLETE","80","Homo sapiens (Human)"
"PMDX004075","PXD004076","brain","brain","2017-07-14","PARTIAL","0","Homo sapiens (Human)"
"PMDX004075","PXD005065","brain","brain","2017-07-14","PARTIAL","0","Homo sapiens (Human)"
"PMDX004143","PXD004143","brain","brain","2017-07-31","PARTIAL","0","Homo sapiens (Human)"
"PMDX004219","PXD004219","brain","cerebrospinal fluid","2017-08-03","COMPLETE","28","Homo sapiens (Human)"
"PMDX005629","PXD005629","brain","brain","2017-08-23","PARTIAL","0","Homo sapiens (Human)"
"PMDX005119","PXD005119","brain","brain","2017-09-04","PARTIAL","0","Homo sapiens (Human)"
"PMDX005119","PXD006552","brain","brain","2017-08-28","COMPLETE","1","Homo sapiens (Human)"
"PMDX005314","PXD005314","brain","cerebrospinal fluid","2018-04-05","PARTIAL","0","Homo sapiens (Human)"
"PMDX006798","PXD006798","brain","brain","2017-09-29","PARTIAL","0","Homo sapiens (Human)"
"PMDX003519","PXD003519","brain","brain","2017-12-04","COMPLETE","8","Homo sapiens (Human)"
"PMDX005445","PXD005445","brain","brain","2018-01-09","PARTIAL","0","Homo sapiens (Human)"
"PMDX004930","PXD004930","brain","brain","2017-12-11","PARTIAL","0","Homo sapiens (Human)"
"PMDX006122","PXD006122","brain","brain","2017-12-08","PARTIAL","0","Homo sapiens (Human)"
"PMDX007235","PXD007235","brain","brain","2018-04-06","PARTIAL","0","Homo sapiens (Human)"
"PMDX008076","PXD008076","brain","cerebrospinal fluid","2018-04-24","COMPLETE","77","Homo sapiens (Human)"
"PMDX008625","PXD008625","brain","liver;brain","2018-06-18","PARTIAL","0","Homo sapiens (Human)"
"PMDX008311","PXD008311","non tissue","brain","2018-07-30","COMPLETE","6","Homo sapiens (Human)"
"PMDX009578","PXD009578","non tissue","brain","2018-07-30","PARTIAL","0","Homo sapiens (Human);Rattus norvegicus (Rat)"
"PMDX008127","PXD008127","brain","brain","2018-08-06","PARTIAL","0","Homo sapiens (Human)"
"PMDX010230","PXD010230","brain","cerebrospinal fluid","2018-08-13","COMPLETE","9","Homo sapiens (Human)"
"PMDX008022","PXD008022","non tissue","brain","2018-10-22","PARTIAL","0","Homo sapiens (Human)"
"PMDX008022","PXD008023","non tissue","brain","2018-10-22","PARTIAL","0","Homo sapiens (Human)"
"PMDX009646","PXD009646","brain","cerebrospinal fluid","2018-08-29","COMPLETE","1","Homo sapiens (Human)"
"PMDX009227","PXD009227","non tissue","brain","2018-09-07","PARTIAL","0","Homo sapiens (Human)"
"PMDX006607","PXD006607","brain","brain","2018-09-10","PARTIAL","0","Homo sapiens (Human)"
"PMDX009624","PXD009624","brain","cerebrospinal fluid;brain;blood","2018-09-17","COMPLETE","64","Homo sapiens (Human)"
"PMDX009624","PXD010705","brain","cerebrospinal fluid","2018-09-17","PARTIAL","0","Homo sapiens (Human)"
"PMDX009624","PXD010690","brain","brain","2018-09-17","COMPLETE","54","Homo sapiens (Human)"
"PMDX009624","PXD010708","brain","cerebrospinal fluid","2018-09-17","COMPLETE","15","Homo sapiens (Human)"
"PMDX009624","PXD010698","brain","cerebrospinal fluid","2018-09-17","COMPLETE","5","Homo sapiens (Human)"
"PMDX009251","PXD009251","brain","brain","2018-10-22","PARTIAL","0","Homo sapiens (Human);Rattus norvegicus (Rat);Mus musculus (Mouse);marmosets"
"PMDX007842","PXD007842","brain","saliva;urine;blood serum;cerebrospinal fluid","2018-11-15","PARTIAL","0","Homo sapiens (Human);Trypanosoma brucei"
"PMDXID NotAvail","PXD007873","brain","brain","2018-10-10","PARTIAL","0","Homo sapiens (Human)"
"PMDXID NotAvail","PXD008795","brain","cerebral cortex;arcuate nucleus;hypothalamic nucleus;paraventricular nucleus of hypothalamus","2018-08-22","COMPLETE","7","Homo sapiens (Human)"
"PMDXID NotAvail","PXD004355","brain","brain","2018-07-04","PARTIAL","0","Homo sapiens (Human)"
"PMDXID NotAvail","PXD007160","brain","brain","2018-02-07","PARTIAL","0","Homo sapiens (Human)"
"PMDXID NotAvail","PXD006633","brain","cell culture;primary cell;colon;brain","2017-11-23","PARTIAL","0","Homo sapiens (Human)"
"PMDXID NotAvail","PXD001082","brain","cerebrospinal fluid","2015-01-23","PARTIAL","0","Homo sapiens (Human)"
"PMDXID NotAvail","PRD000828","brain","neurohypophysis;adenohypophysis","2011-03-01","PRIDE","2","Homo sapiens (Human)"
"PMDXID NotAvail","PRD000799","brain","brain","2011-01-12","PRIDE","1","Homo sapiens (Human)"
"PMDXID NotAvail",NA,NA,NA,NA,NA,NA,NA
